				<schematicsymbol>
					<schematicsymbolheader>
						<name>"sym_3"</name>
						<originalboundingbox>
							<rectangle>
								<pt> <x>-25</x> <y>100</y></pt>
								<pt> <x>25</x> <y>-100</y></pt></rectangle></originalboundingbox>
					</schematicsymbolheader>
				 <propertydisplay>
                <name>VALUE</name>
         		 <value>?</value>
   			 <justification>2</justification>
    			 <color>0</color>
    			 <size>57</size>
   			 <nv>0</nv>
   			 <vv>1</vv>
	    		 <ip>0</ip>
                <slant>0</slant>
                <over>0</over>
                <inv>0</inv>
                <font>0</font>
   			 <transform><origin>
			     <pt>
				 <x>-19</x>
                <y>-25</y>
                </pt></origin><rotation>0</rotation>
   			 </transform>
                </propertydisplay>
				 <propertydisplay>
                <name>$LOCATION</name>
         		 <value>?</value>
   			 <justification>0</justification>
    			 <color>0</color>
    			 <size>32</size>
   			 <nv>0</nv>
   			 <vv>1</vv>
	    		 <ip>0</ip>
                <slant>0</slant>
                <over>0</over>
                <inv>0</inv>
                <font>0</font>
   			 <transform><origin>
			     <pt>
				 <x>25</x>
                <y>-25</y>
                </pt></origin><rotation>0</rotation>
   			 </transform>
                </propertydisplay>
				 <propertydisplay>
                <name>PATH</name>
         		 <value>?</value>
   			 <justification>0</justification>
    			 <color>0</color>
    			 <size>29</size>
   			 <nv>0</nv>
   			 <vv>0</vv>
	    		 <ip>0</ip>
                <slant>0</slant>
                <over>0</over>
                <inv>0</inv>
                <font>0</font>
   			 <transform><origin>
			     <pt>
				 <x>0</x>
                <y>0</y>
                </pt></origin><rotation>0</rotation>
   			 </transform>
                </propertydisplay>
				 <propertydisplay>
                <name>JEDEC_TYPE</name>
         		 <value>?</value>
   			 <justification>0</justification>
    			 <color>0</color>
    			 <size>29</size>
   			 <nv>0</nv>
   			 <vv>0</vv>
	    		 <ip>0</ip>
                <slant>0</slant>
                <over>0</over>
                <inv>0</inv>
                <font>0</font>
   			 <transform><origin>
			     <pt>
				 <x>0</x>
                <y>115</y>
                </pt></origin><rotation>0</rotation>
   			 </transform>
                </propertydisplay>
				 <propertydisplay>
                <name>PACK_TYPE</name>
         		 <value>?</value>
   			 <justification>0</justification>
    			 <color>0</color>
    			 <size>29</size>
   			 <nv>0</nv>
   			 <vv>0</vv>
	    		 <ip>0</ip>
                <slant>0</slant>
                <over>0</over>
                <inv>0</inv>
                <font>0</font>
   			 <transform><origin>
			     <pt>
				 <x>0</x>
                <y>-115</y>
                </pt></origin><rotation>0</rotation>
   			 </transform>
                </propertydisplay>
				 <propertydisplay>
                <name>MAXINV</name>
         		 <value>?</value>
   			 <justification>0</justification>
    			 <color>0</color>
    			 <size>29</size>
   			 <nv>0</nv>
   			 <vv>0</vv>
	    		 <ip>0</ip>
                <slant>0</slant>
                <over>0</over>
                <inv>0</inv>
                <font>0</font>
   			 <transform><origin>
			     <pt>
				 <x>0</x>
                <y>155</y>
                </pt></origin><rotation>0</rotation>
   			 </transform>
                </propertydisplay>
				<group>
					<figure>
						<path>
							<pointlist>
								<pt> <x>0</x><y>-100</y></pt>
								<pt> <x>-25</x><y>-75</y></pt></pointlist>
                           <pattern>-1</pattern><color>0</color><width>76</width>
							<scalable>0</scalable>
							<identifier>0</identifier></path></figure>
					<figure>
						<path>
							<pointlist>
								<pt> <x>-25</x><y>-75</y></pt>
								<pt> <x>25</x><y>-25</y></pt></pointlist>
                           <pattern>-1</pattern><color>0</color><width>76</width>
							<scalable>0</scalable>
							<identifier>0</identifier></path></figure>
					<figure>
						<path>
							<pointlist>
								<pt> <x>25</x><y>-25</y></pt>
								<pt> <x>-25</x><y>25</y></pt></pointlist>
                           <pattern>-1</pattern><color>0</color><width>76</width>
							<scalable>0</scalable>
							<identifier>0</identifier></path></figure>
					<figure>
						<path>
							<pointlist>
								<pt> <x>-25</x><y>25</y></pt>
								<pt> <x>25</x><y>75</y></pt></pointlist>
                           <pattern>-1</pattern><color>0</color><width>76</width>
							<scalable>0</scalable>
							<identifier>0</identifier></path></figure>
					<figure>
						<path>
							<pointlist>
								<pt> <x>25</x><y>75</y></pt>
								<pt> <x>0</x><y>100</y></pt></pointlist>
                           <pattern>-1</pattern><color>0</color><width>76</width>
							<scalable>0</scalable>
							<identifier>0</identifier></path></figure>
				</group>
					<schematicsymbolportimplementation>
					<filled>1</filled>
					<size>29</size>
					<stublength>50</stublength>
					<transform>
					<origin>
					<pt> 
					<x>0</x>
					<y>150</y>
					</pt></origin><rotation>90</rotation></transform>
						<schematicsymbolporttemplateref> <pinshape>Line</pinshape>
						<libraryref>Line</libraryref><scaling>
                       <horizontal>1</horizontal>
                       <vertical>1</vertical>
                       </scaling></schematicsymbolporttemplateref>
						<bubble> <bubbleable>0</bubbleable>
						<defaultstate>0</defaultstate><pointlist>
                       <pt><x>0</x><y>0</y></pt>
                       <pt><x>0</x><y>0</y></pt>
                       </pointlist></bubble>
						<portattributedisplay>
					<portnamedisplay>
					<name>1</name>
					<justification>L</justification>
					<transform>
				    <origin>
		            <pt>
			        <x>0</x>
					<y>175</y>
			        </pt></origin><rotation>90</rotation></transform>
					</portnamedisplay>
					<figure>
						<path>
							<pointlist>
								<pt> <x>0</x><y>150</y></pt>
								<pt> <x>0</x><y>100</y></pt></pointlist>
                           <pattern>-1</pattern><color>0</color><width>76</width>
							<scalable>0</scalable>
							<identifier>0</identifier></path></figure>
				 <portpropertyloc>
                <name>$PN</name>
   			 <offset>
			     <pt>
				 <x>0</x>
                <y>0</y>
                </pt></offset>
                </portpropertyloc>
				 <portpropertydisplay>
                <name>$PN</name>
         		 <value>#</value>
   			 <justification>0</justification>
    			 <color>0</color>
    			 <size>32</size>
   			 <nv>0</nv>
   			 <vv>0</vv>
	    		 <ip>0</ip>
                <slant>0</slant>
                <over>0</over>
                <inv>0</inv>
                <font>0</font>
   			 <transform><origin>
			     <pt>
				 <x>0</x>
                <y>150</y>
                </pt></origin><rotation>90</rotation>
   			 </transform>
                </portpropertydisplay>
						</portattributedisplay>
					</schematicsymbolportimplementation>
					<schematicsymbolportimplementation>
					<filled>1</filled>
					<size>29</size>
					<stublength>50</stublength>
					<transform>
					<origin>
					<pt> 
					<x>0</x>
					<y>-150</y>
					</pt></origin><rotation>90</rotation></transform>
						<schematicsymbolporttemplateref> <pinshape>Line</pinshape>
						<libraryref>Line</libraryref><scaling>
                       <horizontal>1</horizontal>
                       <vertical>1</vertical>
                       </scaling></schematicsymbolporttemplateref>
						<bubble> <bubbleable>0</bubbleable>
						<defaultstate>0</defaultstate><pointlist>
                       <pt><x>0</x><y>0</y></pt>
                       <pt><x>0</x><y>0</y></pt>
                       </pointlist></bubble>
						<portattributedisplay>
					<portnamedisplay>
					<name>2</name>
					<justification>R</justification>
					<transform>
				    <origin>
		            <pt>
			        <x>0</x>
					<y>-175</y>
			        </pt></origin><rotation>90</rotation></transform>
					</portnamedisplay>
					<figure>
						<path>
							<pointlist>
								<pt> <x>0</x><y>-150</y></pt>
								<pt> <x>0</x><y>-100</y></pt></pointlist>
                           <pattern>-1</pattern><color>0</color><width>76</width>
							<scalable>0</scalable>
							<identifier>0</identifier></path></figure>
				 <portpropertyloc>
                <name>$PN</name>
   			 <offset>
			     <pt>
				 <x>0</x>
                <y>0</y>
                </pt></offset>
                </portpropertyloc>
				 <portpropertydisplay>
                <name>$PN</name>
         		 <value>#</value>
   			 <justification>2</justification>
    			 <color>0</color>
    			 <size>32</size>
   			 <nv>0</nv>
   			 <vv>0</vv>
	    		 <ip>0</ip>
                <slant>0</slant>
                <over>0</over>
                <inv>0</inv>
                <font>0</font>
   			 <transform><origin>
			     <pt>
				 <x>0</x>
                <y>-150</y>
                </pt></origin><rotation>90</rotation>
   			 </transform>
                </portpropertydisplay>
						</portattributedisplay>
					</schematicsymbolportimplementation>
				</schematicsymbol>
