				<schematicsymbol>
					<schematicsymbolheader>
						<name>"sym_2"</name>
						<originalboundingbox>
							<rectangle>
								<pt> <x>-100</x> <y>100</y></pt>
								<pt> <x>100</x> <y>-100</y></pt></rectangle></originalboundingbox>
					</schematicsymbolheader>
					<figure>
						<path>
							<pointlist>
								<pt> <x>-100</x><y>0</y></pt>
								<pt> <x>-13</x><y>0</y></pt></pointlist>
                           <pattern>-1</pattern><color>0</color><width>76</width>
							<scalable>0</scalable>
							<identifier>0</identifier></path></figure>
					<figure>
						<path>
							<pointlist>
								<pt> <x>-100</x><y>100</y></pt>
								<pt> <x>100</x><y>100</y></pt></pointlist>
                           <pattern>-1</pattern><color>0</color><width>76</width>
							<scalable>0</scalable>
							<identifier>0</identifier></path></figure>
					<figure>
						<path>
							<pointlist>
								<pt> <x>100</x><y>100</y></pt>
								<pt> <x>100</x><y>-100</y></pt></pointlist>
                           <pattern>-1</pattern><color>0</color><width>76</width>
							<scalable>0</scalable>
							<identifier>0</identifier></path></figure>
					<figure>
						<path>
							<pointlist>
								<pt> <x>100</x><y>-100</y></pt>
								<pt> <x>-100</x><y>-100</y></pt></pointlist>
                           <pattern>-1</pattern><color>0</color><width>76</width>
							<scalable>0</scalable>
							<identifier>0</identifier></path></figure>
					<figure>
						<path>
							<pointlist>
								<pt> <x>-100</x><y>100</y></pt>
								<pt> <x>-100</x><y>-100</y></pt></pointlist>
                           <pattern>-1</pattern><color>0</color><width>76</width>
							<scalable>0</scalable>
							<identifier>0</identifier></path></figure>
					<figure>
						<path>
							<pointlist>
								<pt> <x>7</x><y>0</y></pt>
								<pt> <x>75</x><y>0</y></pt></pointlist>
                           <pattern>-1</pattern><color>0</color><width>76</width>
							<scalable>0</scalable>
							<identifier>0</identifier></path></figure>
					<figure>
						<path>
							<pointlist>
								<pt> <x>75</x><y>50</y></pt>
								<pt> <x>100</x><y>50</y></pt></pointlist>
                           <pattern>-1</pattern><color>0</color><width>76</width>
							<scalable>0</scalable>
							<identifier>0</identifier></path></figure>
					<figure>
						<path>
							<pointlist>
								<pt> <x>75</x><y>50</y></pt>
								<pt> <x>75</x><y>-50</y></pt></pointlist>
                           <pattern>-1</pattern><color>0</color><width>76</width>
							<scalable>0</scalable>
							<identifier>0</identifier></path></figure>
					<figure>
						<path>
							<pointlist>
								<pt> <x>100</x><y>-50</y></pt>
								<pt> <x>75</x><y>-50</y></pt></pointlist>
                           <pattern>-1</pattern><color>0</color><width>76</width>
							<scalable>0</scalable>
							<identifier>0</identifier></path></figure>
				 <propertydisplay>
                <name>$LOCATION</name>
         		 <value>?</value>
   			 <justification>1</justification>
    			 <color>0</color>
    			 <size>32</size>
   			 <nv>0</nv>
   			 <vv>1</vv>
	    		 <ip>0</ip>
                <slant>0</slant>
                <over>0</over>
                <inv>0</inv>
                <font>0</font>
   			 <transform><origin>
			     <pt>
				 <x>0</x>
                <y>175</y>
                </pt></origin><rotation>0</rotation>
   			 </transform>
                </propertydisplay>
				 <propertydisplay>
                <name>VALUE</name>
         		 <value>?</value>
   			 <justification>1</justification>
    			 <color>0</color>
    			 <size>32</size>
   			 <nv>0</nv>
   			 <vv>1</vv>
	    		 <ip>0</ip>
                <slant>0</slant>
                <over>0</over>
                <inv>0</inv>
                <font>0</font>
   			 <transform><origin>
			     <pt>
				 <x>0</x>
                <y>125</y>
                </pt></origin><rotation>0</rotation>
   			 </transform>
                </propertydisplay>
				 <propertydisplay>
                <name>PACK_TYPE</name>
         		 <value>?</value>
   			 <justification>0</justification>
    			 <color>0</color>
    			 <size>29</size>
   			 <nv>0</nv>
   			 <vv>0</vv>
	    		 <ip>0</ip>
                <slant>0</slant>
                <over>0</over>
                <inv>0</inv>
                <font>0</font>
   			 <transform><origin>
			     <pt>
				 <x>0</x>
                <y>0</y>
                </pt></origin><rotation>0</rotation>
   			 </transform>
                </propertydisplay>
				 <propertydisplay>
                <name>JEDEC_TYPE</name>
         		 <value>?</value>
   			 <justification>0</justification>
    			 <color>0</color>
    			 <size>29</size>
   			 <nv>0</nv>
   			 <vv>0</vv>
	    		 <ip>0</ip>
                <slant>0</slant>
                <over>0</over>
                <inv>0</inv>
                <font>0</font>
   			 <transform><origin>
			     <pt>
				 <x>0</x>
                <y>0</y>
                </pt></origin><rotation>0</rotation>
   			 </transform>
                </propertydisplay>
				 <propertydisplay>
                <name>MAXINV</name>
         		 <value>?</value>
   			 <justification>0</justification>
    			 <color>0</color>
    			 <size>29</size>
   			 <nv>0</nv>
   			 <vv>0</vv>
	    		 <ip>0</ip>
                <slant>0</slant>
                <over>0</over>
                <inv>0</inv>
                <font>0</font>
   			 <transform><origin>
			     <pt>
				 <x>0</x>
                <y>0</y>
                </pt></origin><rotation>0</rotation>
   			 </transform>
                </propertydisplay>
				 <propertydisplay>
                <name>PATH</name>
         		 <value>?</value>
   			 <justification>0</justification>
    			 <color>0</color>
    			 <size>29</size>
   			 <nv>0</nv>
   			 <vv>0</vv>
	    		 <ip>0</ip>
                <slant>0</slant>
                <over>0</over>
                <inv>0</inv>
                <font>0</font>
   			 <transform><origin>
			     <pt>
				 <x>0</x>
                <y>0</y>
                </pt></origin><rotation>0</rotation>
   			 </transform>
                </propertydisplay>
				<group>
					<figure>
						<path>
							<pointlist>
								<pt> <x>7</x><y>10</y></pt>
								<pt> <x>13</x><y>16</y></pt></pointlist>
                           <pattern>-1</pattern><color>0</color><width>76</width>
							<scalable>0</scalable>
							<identifier>0</identifier></path></figure>
					<figure>
						<path>
							<pointlist>
								<pt> <x>1</x><y>-16</y></pt>
								<pt> <x>7</x><y>-10</y></pt></pointlist>
                           <pattern>-1</pattern><color>0</color><width>76</width>
							<scalable>0</scalable>
							<identifier>0</identifier></path></figure>
					<figure>
						<path>
							<pointlist>
								<pt> <x>7</x><y>0</y></pt>
								<pt> <x>-13</x><y>-14</y></pt></pointlist>
                           <pattern>-1</pattern><color>0</color><width>76</width>
							<scalable>0</scalable>
							<identifier>0</identifier></path></figure>
					<figure>
						<path>
							<pointlist>
								<pt> <x>-13</x><y>14</y></pt>
								<pt> <x>7</x><y>0</y></pt></pointlist>
                           <pattern>-1</pattern><color>0</color><width>76</width>
							<scalable>0</scalable>
							<identifier>0</identifier></path></figure>
					<figure>
						<path>
							<pointlist>
								<pt> <x>7</x><y>-10</y></pt>
								<pt> <x>7</x><y>10</y></pt></pointlist>
                           <pattern>-1</pattern><color>0</color><width>76</width>
							<scalable>0</scalable>
							<identifier>0</identifier></path></figure>
					<figure>
						<path>
							<pointlist>
								<pt> <x>-13</x><y>-14</y></pt>
								<pt> <x>-13</x><y>14</y></pt></pointlist>
                           <pattern>-1</pattern><color>0</color><width>76</width>
							<scalable>0</scalable>
							<identifier>0</identifier></path></figure>
				</group>
					<schematicsymbolportimplementation>
					<filled>1</filled>
					<size>32</size>
					<stublength>50</stublength>
					<transform>
					<origin>
					<pt> 
					<x>-150</x>
					<y>0</y>
					</pt></origin><rotation>0</rotation></transform>
						<schematicsymbolporttemplateref> <pinshape>Line</pinshape>
						<libraryref>Line</libraryref><scaling>
                       <horizontal>1</horizontal>
                       <vertical>1</vertical>
                       </scaling></schematicsymbolporttemplateref>
						<bubble> <bubbleable>0</bubbleable>
						<defaultstate>0</defaultstate><pointlist>
                       <pt><x>0</x><y>0</y></pt>
                       <pt><x>0</x><y>0</y></pt>
                       </pointlist></bubble>
						<portattributedisplay>
					<portnamedisplay>
					<name>A</name>
					<justification>R</justification>
					<transform>
				    <origin>
		            <pt>
			        <x>-175</x>
					<y>0</y>
			        </pt></origin><rotation>0</rotation></transform>
					</portnamedisplay>
					<figure>
						<path>
							<pointlist>
								<pt> <x>-150</x><y>0</y></pt>
								<pt> <x>-100</x><y>0</y></pt></pointlist>
                           <pattern>-1</pattern><color>0</color><width>76</width>
							<scalable>0</scalable>
							<identifier>0</identifier></path></figure>
				 <portpropertyloc>
                <name>$PN</name>
   			 <offset>
			     <pt>
				 <x>-150</x>
                <y>-50</y>
                </pt></offset>
                </portpropertyloc>
				 <portpropertydisplay>
                <name>PIN_TEXT</name>
         		 <value>A</value>
   			 <justification>0</justification>
    			 <color>0</color>
    			 <size>32</size>
   			 <nv>0</nv>
   			 <vv>1</vv>
	    		 <ip>0</ip>
                <slant>0</slant>
                <over>0</over>
                <inv>0</inv>
                <font>0</font>
   			 <transform><origin>
			     <pt>
				 <x>-90</x>
                <y>10</y>
                </pt></origin><rotation>0</rotation>
   			 </transform>
                </portpropertydisplay>
						</portattributedisplay>
					</schematicsymbolportimplementation>
					<schematicsymbolportimplementation>
					<filled>1</filled>
					<size>32</size>
					<stublength>50</stublength>
					<transform>
					<origin>
					<pt> 
					<x>0</x>
					<y>-150</y>
					</pt></origin><rotation>0</rotation></transform>
						<schematicsymbolporttemplateref> <pinshape>Line</pinshape>
						<libraryref>Line</libraryref><scaling>
                       <horizontal>1</horizontal>
                       <vertical>1</vertical>
                       </scaling></schematicsymbolporttemplateref>
						<bubble> <bubbleable>0</bubbleable>
						<defaultstate>0</defaultstate><pointlist>
                       <pt><x>0</x><y>0</y></pt>
                       <pt><x>0</x><y>0</y></pt>
                       </pointlist></bubble>
						<portattributedisplay>
					<portnamedisplay>
					<name>NC</name>
					<justification>C</justification>
					<transform>
				    <origin>
		            <pt>
			        <x>0</x>
					<y>-200</y>
			        </pt></origin><rotation>0</rotation></transform>
					</portnamedisplay>
					<figure>
						<path>
							<pointlist>
								<pt> <x>0</x><y>-150</y></pt>
								<pt> <x>0</x><y>-100</y></pt></pointlist>
                           <pattern>-1</pattern><color>0</color><width>76</width>
							<scalable>0</scalable>
							<identifier>0</identifier></path></figure>
				 <portpropertyloc>
                <name>$PN</name>
   			 <offset>
			     <pt>
				 <x>-225</x>
                <y>-150</y>
                </pt></offset>
                </portpropertyloc>
				 <portpropertydisplay>
                <name>PIN_TEXT</name>
         		 <value>NC</value>
   			 <justification>1</justification>
    			 <color>0</color>
    			 <size>32</size>
   			 <nv>0</nv>
   			 <vv>1</vv>
	    		 <ip>0</ip>
                <slant>0</slant>
                <over>0</over>
                <inv>0</inv>
                <font>0</font>
   			 <transform><origin>
			     <pt>
				 <x>0</x>
                <y>-90</y>
                </pt></origin><rotation>0</rotation>
   			 </transform>
                </portpropertydisplay>
						</portattributedisplay>
					</schematicsymbolportimplementation>
					<schematicsymbolportimplementation>
					<filled>1</filled>
					<size>32</size>
					<stublength>50</stublength>
					<transform>
					<origin>
					<pt> 
					<x>150</x>
					<y>50</y>
					</pt></origin><rotation>0</rotation></transform>
						<schematicsymbolporttemplateref> <pinshape>Line</pinshape>
						<libraryref>Line</libraryref><scaling>
                       <horizontal>1</horizontal>
                       <vertical>1</vertical>
                       </scaling></schematicsymbolporttemplateref>
						<bubble> <bubbleable>0</bubbleable>
						<defaultstate>0</defaultstate><pointlist>
                       <pt><x>0</x><y>0</y></pt>
                       <pt><x>0</x><y>0</y></pt>
                       </pointlist></bubble>
						<portattributedisplay>
					<portnamedisplay>
					<name>K_1</name>
					<justification>L</justification>
					<transform>
				    <origin>
		            <pt>
			        <x>175</x>
					<y>50</y>
			        </pt></origin><rotation>0</rotation></transform>
					</portnamedisplay>
					<figure>
						<path>
							<pointlist>
								<pt> <x>150</x><y>50</y></pt>
								<pt> <x>100</x><y>50</y></pt></pointlist>
                           <pattern>-1</pattern><color>0</color><width>76</width>
							<scalable>0</scalable>
							<identifier>0</identifier></path></figure>
				 <portpropertyloc>
                <name>$PN</name>
   			 <offset>
			     <pt>
				 <x>150</x>
                <y>50</y>
                </pt></offset>
                </portpropertyloc>
				 <portpropertydisplay>
                <name>PIN_TEXT</name>
         		 <value>K</value>
   			 <justification>2</justification>
    			 <color>0</color>
    			 <size>32</size>
   			 <nv>0</nv>
   			 <vv>1</vv>
	    		 <ip>0</ip>
                <slant>0</slant>
                <over>0</over>
                <inv>0</inv>
                <font>0</font>
   			 <transform><origin>
			     <pt>
				 <x>65</x>
                <y>12</y>
                </pt></origin><rotation>0</rotation>
   			 </transform>
                </portpropertydisplay>
						</portattributedisplay>
					</schematicsymbolportimplementation>
					<schematicsymbolportimplementation>
					<filled>1</filled>
					<size>32</size>
					<stublength>50</stublength>
					<transform>
					<origin>
					<pt> 
					<x>150</x>
					<y>-50</y>
					</pt></origin><rotation>0</rotation></transform>
						<schematicsymbolporttemplateref> <pinshape>Line</pinshape>
						<libraryref>Line</libraryref><scaling>
                       <horizontal>1</horizontal>
                       <vertical>1</vertical>
                       </scaling></schematicsymbolporttemplateref>
						<bubble> <bubbleable>0</bubbleable>
						<defaultstate>0</defaultstate><pointlist>
                       <pt><x>0</x><y>0</y></pt>
                       <pt><x>0</x><y>0</y></pt>
                       </pointlist></bubble>
						<portattributedisplay>
					<portnamedisplay>
					<name>K_2</name>
					<justification>L</justification>
					<transform>
				    <origin>
		            <pt>
			        <x>175</x>
					<y>-50</y>
			        </pt></origin><rotation>0</rotation></transform>
					</portnamedisplay>
					<figure>
						<path>
							<pointlist>
								<pt> <x>150</x><y>-50</y></pt>
								<pt> <x>100</x><y>-50</y></pt></pointlist>
                           <pattern>-1</pattern><color>0</color><width>76</width>
							<scalable>0</scalable>
							<identifier>0</identifier></path></figure>
				 <portpropertyloc>
                <name>$PN</name>
   			 <offset>
			     <pt>
				 <x>150</x>
                <y>-50</y>
                </pt></offset>
                </portpropertyloc>
						</portattributedisplay>
					</schematicsymbolportimplementation>
				</schematicsymbol>
